relationship_key,relationship_id,source_name,source_url,document_title,evidence_type,evidence_text,verification_status
CMP044-CMP043-supplier,,Tata Steel,https://www.tatasteel.com/products-solutions/india/segments/automotive/,Automotive Steel Products & Solutions,customer_relationship,"Tata Steel identifies Tata Motors among the automotive companies receiving its automotive steel products and related technical solutions.",verified
CMP044-CMP031-supplier,,Tata Steel,https://www.tatasteel.com/products-solutions/india/segments/automotive/,Automotive Steel Products & Solutions,customer_relationship,"Tata Steel identifies Maruti Suzuki among the automotive companies receiving its automotive steel products and related technical solutions.",verified
CMP044-CMP006-supplier,,Tata Steel,https://www.tatasteel.com/products-solutions/india/segments/automotive/,Automotive Steel Products & Solutions,customer_relationship,"Tata Steel identifies Bajaj Auto among automotive customers associated with its automotive steel products.",verified
CMP044-CMP020-supplier,,Tata Steel,https://www.tatasteel.com/products-solutions/india/segments/automotive/,Automotive Steel Products & Solutions,customer_relationship,"Tata Steel identifies Hero MotoCorp among automotive companies associated with its products and customer relationships.",verified
CMP044-CMP032-supplier,,Tata Steel,https://www.tatasteel.com/products-solutions/india/segments/automotive/,Automotive Steel Products & Solutions,customer_relationship,"Tata Steel identifies Mahindra and Mahindra among automotive companies associated with its products and customer relationships.",verified
CMP044-CMP030-supplier,,Tata Steel,https://www.tatasteel.com/investors/integrated-report-2024-25/product-portfolio.html,Integrated Report 2024-25,market_relationship,"Tata Steel reports supplying steel across engineering, infrastructure and construction-related applications.",verified
CMP044-CMP047-supplier,,Tata Steel,https://www.tatasteel.com/investors/integrated-report-2024-25/product-portfolio.html,Integrated Report 2024-25,market_relationship,"Tata Steel supplies steel products into downstream industrial and consumer applications.",verified
CMP044-CMP049-supplier,,Tata Steel,https://www.tatasteel.com/investors/integrated-report-2024-25/product-portfolio.html,Integrated Report 2024-25,market_relationship,"Tata Steel supplies steel products used across construction and infrastructure applications.",verified
CMP021-CMP032-supplier,,Hindalco,https://www.hindalco.com/upload/pdf/hindalco-annual-report-2022-23.pdf,Integrated Annual Report 2022-23,industry_input,"Hindalco reports aluminium products and applications including automotive and industrial machinery.",verified
CMP021-CMP031-supplier,,Hindalco,https://www.hindalco.com/upload/pdf/hindalco-annual-report-2022-23.pdf,Integrated Annual Report 2022-23,industry_input,"Hindalco reports aluminium products and applications including automotive and industrial uses.",verified
CMP028-CMP032-supplier,,JSW Steel,https://www.jswsteel.in/jsw-steel-annual-report-2025-26/mda.html,Integrated Report 2025-26,industry_input,"JSW Steel reports steel products serving automotive and engineering applications.",verified
CMP021-CMP043-supplier,,Hindalco,https://www.hindalco.com/upload/pdf/hindalco-annual-report-2022-23.pdf,Integrated Annual Report 2022-23,industry_input,"Hindalco reports aluminium products with automotive applications.",verified